img_idx,vf (m/s),af (m/s^2),wz (deg/s),res0,res1,res2,res3,res4,res5
00000,14.176,-0.268,-0.343,0.046,0.944,0.007,0.002,0.000,0.000
00001,14.151,-0.335,-0.367,0.105,0.879,0.013,0.004,0.000,0.000
00002,14.122,-0.272,-0.348,0.124,0.858,0.014,0.005,0.000,0.000
00003,14.100,-0.256,-0.634,0.116,0.866,0.013,0.004,0.000,0.000
00004,14.080,-0.211,-0.666,0.221,0.751,0.021,0.007,0.000,0.000
00005,14.056,-0.304,-0.620,0.377,0.579,0.035,0.009,0.000,0.000
00006,14.030,-0.300,-0.516,0.622,0.301,0.066,0.011,0.000,0.000
00007,14.003,-0.252,-0.423,0.677,0.248,0.065,0.010,0.000,0.000
00008,13.977,-0.187,-0.471,0.676,0.261,0.052,0.011,0.000,0.000
00009,13.956,-0.236,-0.624,0.769,0.169,0.049,0.014,0.000,0.000
00010,13.935,-0.228,-0.733,0.751,0.191,0.044,0.013,0.000,0.000
00011,13.909,-0.302,-0.918,0.717,0.235,0.034,0.014,0.000,0.000
00012,13.882,-0.258,-0.860,0.748,0.201,0.038,0.013,0.000,0.000
00013,13.858,-0.198,-0.947,0.745,0.199,0.044,0.011,0.000,0.000
00014,13.833,-0.220,-1.050,0.776,0.172,0.038,0.014,0.000,0.000
00015,13.810,-0.243,-0.991,0.769,0.182,0.035,0.014,0.000,0.000
00016,13.789,-0.169,-1.002,0.720,0.235,0.034,0.012,0.000,0.000
00017,13.764,-0.296,-0.961,0.747,0.214,0.023,0.016,0.000,0.000
00018,13.736,-0.217,-0.794,0.750,0.210,0.016,0.024,0.000,0.000
00019,13.709,-0.328,-0.640,0.810,0.155,0.016,0.018,0.000,0.000
00020,13.683,-0.187,-0.452,0.873,0.092,0.019,0.015,0.000,0.000
00021,13.661,-0.237,-0.189,0.861,0.104,0.021,0.014,0.000,0.000
00022,13.640,-0.208,0.050,0.843,0.121,0.019,0.017,0.000,0.000
00023,13.619,0.024,0.142,0.848,0.111,0.026,0.016,0.000,0.000
00024,13.605,-0.188,0.157,0.822,0.131,0.027,0.020,0.000,0.000
00025,13.571,-0.508,0.180,0.875,0.071,0.029,0.026,0.000,0.000
00026,13.526,-0.254,0.266,0.847,0.098,0.043,0.012,0.000,0.000
00027,13.497,-0.145,0.401,0.846,0.097,0.044,0.013,0.000,0.000
00028,13.478,-0.180,0.179,0.781,0.153,0.056,0.010,0.000,0.000
00029,13.459,-0.092,0.276,0.731,0.195,0.065,0.009,0.000,0.000
00030,13.439,-0.188,0.234,0.649,0.275,0.068,0.008,0.000,0.000
00031,13.416,-0.219,0.439,0.655,0.273,0.062,0.010,0.000,0.000
00032,13.380,-0.320,0.689,0.516,0.425,0.045,0.013,0.000,0.000
00033,13.352,-0.185,0.870,0.451,0.500,0.035,0.014,0.000,0.000
00034,13.330,-0.264,0.931,0.358,0.605,0.025,0.012,0.000,0.000
00035,13.297,-0.269,1.039,0.359,0.606,0.025,0.010,0.000,0.000
00036,13.263,-0.272,1.553,0.326,0.647,0.017,0.010,0.000,0.000
00037,13.235,-0.216,1.776,0.731,0.224,0.029,0.016,0.000,0.000
00038,13.205,-0.248,1.334,0.803,0.151,0.026,0.019,0.000,0.000
00039,13.170,-0.373,0.828,0.826,0.132,0.020,0.021,0.000,0.000
00040,13.132,-0.310,0.632,0.842,0.122,0.013,0.024,0.000,0.000
00041,13.079,-0.503,0.799,0.816,0.146,0.012,0.026,0.000,0.000
00042,13.024,-0.541,0.736,0.752,0.213,0.008,0.026,0.000,0.000
00043,12.968,-0.592,0.490,0.677,0.293,0.007,0.023,0.000,0.000
00044,12.894,-0.743,0.466,0.636,0.337,0.006,0.021,0.000,0.000
00045,12.820,-0.722,0.524,0.620,0.358,0.005,0.018,0.000,0.000
00046,12.743,-0.788,0.560,0.514,0.470,0.004,0.012,0.000,0.000
00047,12.653,-0.872,0.412,0.492,0.492,0.003,0.012,0.000,0.000
00048,12.559,-0.944,0.422,0.332,0.658,0.002,0.008,0.000,0.000
00049,12.455,-1.057,0.368,0.295,0.698,0.002,0.006,0.000,0.000
00050,12.334,-1.096,0.294,0.308,0.685,0.002,0.006,0.000,0.000
00051,12.219,-1.145,0.220,0.192,0.803,0.001,0.004,0.000,0.000
00052,12.098,-1.222,0.187,0.148,0.848,0.001,0.003,0.000,0.000
00053,11.957,-1.286,-0.099,0.198,0.797,0.001,0.004,0.000,0.000
00054,11.828,-1.234,-0.254,0.344,0.648,0.001,0.007,0.000,0.000
00055,11.717,-0.958,-0.661,0.259,0.735,0.001,0.005,0.000,0.000
00056,11.628,-0.669,-0.901,0.241,0.754,0.001,0.004,0.000,0.000
00057,11.574,-0.445,-1.102,0.224,0.772,0.001,0.004,0.000,0.000
00058,11.536,-0.335,-1.434,0.243,0.752,0.001,0.004,0.000,0.000
00059,11.505,-0.269,-2.463,0.283,0.712,0.001,0.003,0.000,0.000
00060,11.472,-0.303,-3.275,0.266,0.730,0.001,0.003,0.000,0.000
00061,11.428,-0.458,-3.974,0.194,0.802,0.001,0.003,0.000,0.000
00062,11.381,-0.477,-4.300,0.225,0.771,0.001,0.003,0.000,0.000
00063,11.328,-0.563,-4.582,0.254,0.741,0.001,0.004,0.000,0.000
00064,11.264,-0.516,-4.996,0.292,0.700,0.001,0.007,0.000,0.000
00065,11.216,-0.398,-5.441,0.272,0.718,0.001,0.008,0.000,0.000
00066,11.179,-0.289,-5.648,0.278,0.710,0.001,0.011,0.000,0.000
00067,11.148,-0.294,-5.701,0.326,0.658,0.001,0.015,0.000,0.000
00068,11.116,-0.304,-5.640,0.357,0.624,0.001,0.019,0.000,0.000
00069,11.090,-0.204,-5.605,0.384,0.588,0.001,0.026,0.000,0.000
00070,11.065,-0.247,-5.515,0.362,0.612,0.001,0.024,0.000,0.000
00071,11.036,-0.253,-5.670,0.385,0.577,0.003,0.035,0.000,0.000
00072,11.007,-0.296,-5.581,0.354,0.617,0.004,0.025,0.000,0.000
00073,10.973,-0.352,-5.620,0.412,0.565,0.007,0.016,0.000,0.000
00074,10.929,-0.389,-5.557,0.475,0.497,0.010,0.018,0.000,0.000
00075,10.889,-0.387,-5.592,0.619,0.320,0.018,0.043,0.000,0.000
00076,10.851,-0.385,-5.470,0.631,0.267,0.028,0.074,0.000,0.000
00077,10.806,-0.410,-5.298,0.681,0.170,0.062,0.086,0.000,0.000
00078,10.757,-0.479,-5.215,0.716,0.131,0.086,0.066,0.000,0.000
00079,10.706,-0.486,-5.039,0.731,0.098,0.128,0.042,0.000,0.000
00080,10.649,-0.537,-4.652,0.717,0.100,0.138,0.044,0.000,0.000
00081,10.601,-0.518,-4.088,0.741,0.085,0.133,0.039,0.000,0.000
00082,10.557,-0.390,-3.654,0.728,0.115,0.111,0.045,0.000,0.000
00083,10.521,-0.287,-3.386,0.714,0.160,0.092,0.034,0.000,0.000
00084,10.491,-0.326,-2.973,0.666,0.209,0.097,0.027,0.000,0.000
00085,10.460,-0.345,-2.692,0.661,0.208,0.104,0.026,0.000,0.000
00086,10.421,-0.393,-2.443,0.662,0.198,0.111,0.029,0.000,0.000
00087,10.384,-0.365,-2.020,0.650,0.199,0.113,0.037,0.000,0.000
00088,10.351,-0.304,-1.723,0.623,0.231,0.113,0.033,0.000,0.000
00089,10.320,-0.294,-1.159,0.496,0.392,0.062,0.049,0.000,0.000
00090,10.294,-0.276,-0.868,0.393,0.515,0.048,0.044,0.000,0.000
00091,10.259,-0.420,-0.192,0.308,0.619,0.030,0.043,0.000,0.000
00092,10.214,-0.413,0.099,0.269,0.669,0.038,0.023,0.000,0.000
00093,10.177,-0.346,0.639,0.204,0.752,0.022,0.021,0.000,0.000
00094,10.148,-0.265,1.002,0.166,0.794,0.013,0.027,0.000,0.000
00095,10.125,-0.180,1.596,0.093,0.879,0.009,0.019,0.000,0.000
00096,10.106,-0.199,1.887,0.051,0.933,0.005,0.010,0.000,0.000
00097,10.082,-0.286,2.094,0.035,0.954,0.004,0.008,0.000,0.000
00098,10.045,-0.335,2.372,0.028,0.961,0.003,0.008,0.000,0.000
00099,10.014,-0.286,2.595,0.023,0.969,0.002,0.006,0.000,0.000
00100,9.986,-0.259,2.735,0.017,0.974,0.001,0.007,0.000,0.000
00101,9.959,-0.200,2.648,0.016,0.972,0.001,0.010,0.000,0.000
00102,9.939,-0.181,2.532,0.014,0.977,0.002,0.007,0.000,0.000
00103,9.922,-0.197,2.774,0.016,0.970,0.003,0.011,0.000,0.000
00104,9.900,-0.220,2.776,0.013,0.976,0.003,0.009,0.000,0.000
00105,9.878,-0.287,2.816,0.024,0.955,0.005,0.016,0.000,0.000
00106,9.850,-0.230,2.797,0.036,0.937,0.006,0.020,0.000,0.000
00107,9.821,-0.222,2.833,0.066,0.873,0.009,0.052,0.000,0.000
00108,9.803,-0.077,2.401,0.122,0.757,0.011,0.109,0.000,0.000
00109,9.795,-0.133,2.124,0.167,0.631,0.009,0.192,0.000,0.000
00110,9.772,-0.255,1.490,0.203,0.561,0.009,0.227,0.000,0.000
00111,9.746,-0.408,1.429,0.230,0.516,0.007,0.246,0.000,0.000
00112,9.717,-0.175,1.003,0.294,0.379,0.008,0.319,0.000,0.000
00113,9.700,-0.160,0.983,0.333,0.277,0.007,0.383,0.000,0.000
00114,9.686,-0.147,0.864,0.360,0.173,0.006,0.460,0.000,0.000
00115,9.670,-0.150,0.765,0.340,0.127,0.005,0.527,0.000,0.000
00116,9.650,-0.257,0.441,0.345,0.110,0.006,0.539,0.000,0.000
00117,9.627,-0.273,0.086,0.372,0.127,0.008,0.494,0.000,0.000
00118,9.596,-0.328,-0.187,0.342,0.125,0.007,0.526,0.000,0.000
00119,9.566,-0.231,-0.831,0.359,0.195,0.009,0.437,0.000,0.000
00120,9.548,-0.131,-1.404,0.298,0.183,0.007,0.511,0.000,0.000
00121,9.536,-0.282,-2.371,0.262,0.158,0.007,0.572,0.000,0.000
00122,9.516,-0.206,-2.860,0.224,0.123,0.005,0.647,0.000,0.000
00123,9.492,-0.266,-3.192,0.205,0.115,0.005,0.674,0.000,0.000
00124,9.461,-0.235,-3.768,0.170,0.137,0.005,0.687,0.000,0.000
00125,9.436,-0.066,-4.423,0.164,0.175,0.005,0.655,0.000,0.000
00126,9.417,-0.127,-4.942,0.151,0.225,0.005,0.619,0.000,0.000
00127,9.399,-0.100,-5.403,0.142,0.332,0.004,0.521,0.000,0.000
00128,9.379,-0.229,-5.701,0.167,0.396,0.007,0.429,0.000,0.000
00129,9.354,-0.195,-6.399,0.152,0.415,0.007,0.426,0.000,0.000
00130,9.330,-0.275,-6.663,0.133,0.484,0.006,0.377,0.000,0.000
00131,9.304,-0.270,-6.891,0.095,0.577,0.004,0.324,0.000,0.000
00132,9.285,-0.409,-7.013,0.084,0.637,0.003,0.275,0.000,0.000
00133,9.265,-0.202,-6.835,0.088,0.702,0.003,0.206,0.000,0.000
00134,9.253,-0.042,-6.779,0.099,0.634,0.003,0.264,0.000,0.000
00135,9.248,0.012,-6.816,0.109,0.515,0.003,0.373,0.000,0.000
00136,9.262,0.273,-6.545,0.117,0.501,0.003,0.378,0.000,0.000
00137,9.278,0.232,-6.704,0.132,0.382,0.002,0.483,0.000,0.000
00138,9.288,0.074,-6.889,0.133,0.382,0.002,0.482,0.000,0.000
00139,9.287,0.025,-6.854,0.170,0.340,0.003,0.487,0.000,0.000
00140,9.281,-0.111,-6.683,0.203,0.383,0.005,0.408,0.000,0.000
00141,9.280,0.049,-6.374,0.215,0.505,0.005,0.275,0.000,0.000
00142,9.272,-0.111,-5.610,0.181,0.650,0.004,0.164,0.000,0.000
00143,9.270,-0.012,-5.100,0.199,0.663,0.004,0.133,0.000,0.000
00144,9.267,-0.115,-4.796,0.290,0.572,0.005,0.132,0.000,0.000
00145,9.261,-0.098,-4.299,0.337,0.547,0.006,0.109,0.000,0.000
00146,9.250,0.009,-4.148,0.303,0.600,0.005,0.092,0.000,0.000
00147,9.232,-0.228,-3.976,0.276,0.629,0.005,0.090,0.000,0.000
00148,9.212,-0.261,-3.851,0.245,0.677,0.007,0.070,0.000,0.000
00149,9.183,-0.383,-3.806,0.224,0.685,0.006,0.085,0.000,0.000
00150,9.123,-0.788,-3.824,0.210,0.708,0.006,0.076,0.000,0.000
00151,9.020,-1.161,-3.982,0.237,0.663,0.007,0.092,0.000,0.000
00152,8.891,-1.421,-3.774,0.194,0.721,0.008,0.077,0.000,0.000
00153,8.745,-1.394,-3.791,0.202,0.694,0.008,0.096,0.000,0.000
00154,8.575,-1.626,-3.874,0.240,0.617,0.010,0.133,0.000,0.000
00155,8.405,-1.660,-3.720,0.292,0.452,0.012,0.244,0.000,0.000
00156,8.232,-1.761,-3.671,0.295,0.379,0.009,0.317,0.000,0.000
00157,8.039,-1.702,-3.457,0.283,0.245,0.006,0.465,0.000,0.000
00158,7.862,-1.794,-3.488,0.300,0.151,0.007,0.542,0.000,0.000
00159,7.683,-1.810,-3.414,0.236,0.088,0.004,0.671,0.000,0.000
00160,7.481,-1.797,-3.261,0.222,0.070,0.004,0.704,0.000,0.000
00161,7.291,-1.919,-3.060,0.212,0.082,0.004,0.703,0.000,0.000
00162,7.076,-1.888,-2.923,0.204,0.079,0.003,0.714,0.000,0.000
00163,6.876,-2.029,-2.748,0.178,0.096,0.003,0.723,0.000,0.000
00164,6.663,-2.205,-2.438,0.196,0.076,0.003,0.724,0.000,0.000
00165,6.431,-2.043,-1.918,0.212,0.075,0.004,0.708,0.000,0.000
00166,6.221,-2.160,-1.740,0.235,0.060,0.004,0.700,0.000,0.000
00167,5.998,-2.247,-1.522,0.220,0.048,0.004,0.729,0.000,0.000
00168,5.747,-2.280,-1.482,0.205,0.046,0.003,0.745,0.000,0.000
00169,5.522,-2.301,-1.291,0.186,0.056,0.003,0.755,0.000,0.000
00170,5.287,-2.308,-1.071,0.231,0.092,0.005,0.672,0.000,0.000
00171,5.039,-2.151,-0.613,0.244,0.153,0.006,0.597,0.000,0.000
00172,4.835,-1.937,-0.408,0.241,0.281,0.006,0.471,0.000,0.000
00173,4.646,-1.839,-0.309,0.225,0.388,0.007,0.380,0.000,0.000
00174,4.447,-1.755,-0.222,0.203,0.400,0.006,0.391,0.000,0.000
00175,4.274,-1.663,-0.062,0.178,0.496,0.006,0.320,0.000,0.000
00176,4.103,-1.692,-0.121,0.156,0.522,0.005,0.317,0.000,0.000
00177,3.917,-1.633,-0.284,0.134,0.552,0.003,0.311,0.000,0.000
00178,3.751,-1.688,-0.194,0.092,0.673,0.002,0.233,0.000,0.000
00179,3.583,-1.661,-0.060,0.086,0.696,0.002,0.216,0.000,0.000
00180,3.404,-1.635,-0.139,0.069,0.743,0.001,0.187,0.000,0.000
00181,3.233,-1.678,-0.172,0.076,0.757,0.001,0.165,0.000,0.000
00182,3.048,-1.671,-0.254,0.073,0.732,0.001,0.193,0.000,0.000
00183,2.891,-1.478,-0.430,0.044,0.805,0.001,0.150,0.000,0.000
00184,2.754,-1.313,-0.517,0.044,0.759,0.001,0.196,0.000,0.000
00185,2.628,-1.150,-0.614,0.074,0.602,0.001,0.323,0.000,0.000
00186,2.538,-0.541,-0.613,0.100,0.618,0.001,0.280,0.000,0.000
00187,2.494,-0.369,-0.608,0.136,0.622,0.002,0.240,0.000,0.000
00188,2.460,-0.320,-0.531,0.147,0.662,0.003,0.187,0.000,0.000
00189,2.412,-0.701,-0.588,0.143,0.734,0.003,0.119,0.000,0.000
00190,2.323,-1.067,-0.503,0.165,0.747,0.005,0.083,0.000,0.000
00191,2.196,-1.242,-0.537,0.222,0.665,0.008,0.105,0.000,0.000
00192,2.065,-1.326,-0.552,0.207,0.675,0.006,0.112,0.000,0.000
00193,1.917,-1.366,-0.411,0.237,0.604,0.006,0.152,0.000,0.000
00194,1.795,-1.428,-0.444,0.268,0.531,0.008,0.193,0.000,0.000
00195,1.640,-1.450,-0.519,0.272,0.449,0.007,0.271,0.000,0.000
00196,1.505,-1.326,-0.459,0.263,0.454,0.006,0.276,0.000,0.000
00197,1.366,-1.267,-0.353,0.226,0.397,0.004,0.373,0.000,0.000
00198,1.246,-1.179,-0.361,0.217,0.428,0.003,0.351,0.000,0.000
00199,1.138,-1.043,-0.319,0.216,0.433,0.003,0.348,0.000,0.000
00200,1.034,-0.931,-0.304,0.169,0.344,0.002,0.485,0.000,0.000
00201,0.941,-0.990,-0.306,0.125,0.326,0.001,0.547,0.000,0.000
00202,0.843,-1.016,-0.202,0.109,0.258,0.001,0.632,0.000,0.000
00203,0.732,-1.067,-0.180,0.088,0.260,0.001,0.651,0.000,0.000
00204,0.625,-1.109,-0.222,0.095,0.327,0.001,0.576,0.000,0.000
00205,0.516,-1.077,-0.144,0.098,0.290,0.001,0.611,0.000,0.000
00206,0.401,-1.057,-0.060,0.093,0.253,0.001,0.652,0.000,0.000
00207,0.298,-1.013,0.003,0.100,0.253,0.001,0.646,0.000,0.000
00208,0.199,-1.017,-0.086,0.103,0.277,0.001,0.619,0.000,0.000
00209,0.085,-1.002,-0.026,0.117,0.378,0.001,0.504,0.000,0.000
00210,0.029,-0.112,-0.041,0.130,0.385,0.001,0.484,0.000,0.000
00211,0.053,0.402,0.004,0.111,0.375,0.001,0.513,0.000,0.000
00212,0.077,0.045,0.004,0.113,0.368,0.001,0.518,0.000,0.000
00213,0.067,-0.104,0.031,0.108,0.438,0.001,0.453,0.000,0.000
00214,0.065,0.074,0.047,0.111,0.473,0.001,0.415,0.000,0.000
00215,0.071,0.048,-0.012,0.103,0.448,0.001,0.448,0.000,0.000
00216,0.070,-0.021,0.009,0.084,0.456,0.001,0.459,0.000,0.000
00217,0.067,-0.007,0.011,0.071,0.452,0.001,0.476,0.000,0.000
00218,0.065,0.026,0.049,0.070,0.467,0.001,0.461,0.000,0.000
00219,0.065,0.035,0.006,0.065,0.536,0.001,0.397,0.000,0.000
00220,0.062,-0.027,-0.053,0.066,0.614,0.001,0.319,0.000,0.000
00221,0.056,0.000,0.016,0.068,0.646,0.001,0.285,0.000,0.000
00222,0.056,0.048,0.052,0.068,0.715,0.001,0.215,0.000,0.000
00223,0.054,-0.022,0.013,0.084,0.686,0.001,0.229,0.000,0.000
00224,0.050,0.002,0.044,0.076,0.722,0.001,0.201,0.000,0.000
00225,0.048,0.009,-0.000,0.081,0.727,0.001,0.191,0.000,0.000
00226,0.047,0.006,-0.017,0.082,0.715,0.001,0.202,0.000,0.000
00227,0.044,-0.004,0.021,0.090,0.703,0.001,0.205,0.000,0.000
00228,0.041,-0.000,-0.035,0.094,0.659,0.001,0.245,0.000,0.000
00229,0.039,0.027,0.034,0.088,0.669,0.001,0.241,0.000,0.000
00230,0.037,-0.017,-0.039,0.091,0.690,0.001,0.218,0.000,0.000
00231,0.033,0.006,0.046,0.122,0.711,0.002,0.165,0.000,0.000
00232,0.031,0.005,0.011,0.128,0.694,0.002,0.176,0.000,0.000
00233,0.029,0.008,-0.022,0.099,0.758,0.002,0.141,0.000,0.000
00234,0.026,-0.013,-0.031,0.073,0.825,0.001,0.101,0.000,0.000
00235,0.024,0.003,0.002,0.074,0.814,0.001,0.111,0.000,0.000
00236,0.022,0.005,0.031,0.061,0.820,0.001,0.118,0.000,0.000
00237,0.020,-0.002,-0.015,0.059,0.817,0.001,0.123,0.000,0.000
00238,0.019,0.003,-0.033,0.057,0.853,0.001,0.089,0.000,0.000
00239,0.017,-0.009,-0.048,0.060,0.872,0.001,0.067,0.000,0.000
00240,0.015,0.011,-0.013,0.058,0.879,0.001,0.062,0.000,0.000
00241,0.013,-0.013,0.004,0.062,0.888,0.001,0.049,0.000,0.000
00242,0.012,0.014,0.022,0.067,0.872,0.001,0.060,0.000,0.000
00243,0.011,-0.007,0.032,0.063,0.869,0.001,0.067,0.000,0.000
00244,0.010,-0.004,-0.053,0.069,0.860,0.001,0.070,0.000,0.000
00245,0.008,0.002,-0.037,0.062,0.837,0.001,0.099,0.000,0.000
00246,0.007,-0.012,-0.004,0.065,0.794,0.001,0.140,0.000,0.000
00247,0.006,0.009,0.037,0.056,0.774,0.001,0.169,0.000,0.000
00248,0.005,-0.009,-0.006,0.056,0.769,0.001,0.173,0.000,0.000
00249,0.005,0.011,0.017,0.054,0.744,0.001,0.201,0.000,0.000
00250,0.003,-0.013,0.050,0.084,0.742,0.001,0.173,0.000,0.000
00251,0.003,0.010,-0.007,0.112,0.621,0.001,0.266,0.000,0.000
00252,0.002,-0.013,0.015,0.086,0.677,0.001,0.236,0.000,0.000
00253,0.001,0.006,0.042,0.083,0.699,0.001,0.218,0.000,0.000
00254,0.000,-0.011,0.036,0.071,0.769,0.001,0.160,0.000,0.000
00255,0.000,-0.005,0.014,0.076,0.821,0.001,0.102,0.000,0.000
00256,-0.001,-0.002,0.033,0.083,0.807,0.001,0.109,0.000,0.000
00257,-0.001,0.002,-0.036,0.101,0.793,0.001,0.104,0.000,0.000
00258,-0.002,0.005,0.020,0.106,0.824,0.002,0.069,0.000,0.000
00259,-0.003,-0.014,0.101,0.108,0.830,0.002,0.060,0.000,0.000
00260,-0.003,0.007,0.058,0.119,0.812,0.002,0.067,0.000,0.000
00261,-0.003,-0.011,0.008,0.120,0.802,0.002,0.076,0.000,0.000
00262,-0.004,0.005,-0.002,0.116,0.715,0.002,0.167,0.000,0.000
00263,-0.004,-0.016,0.023,0.115,0.640,0.001,0.244,0.000,0.000
00264,-0.004,-0.003,0.047,0.107,0.571,0.001,0.320,0.000,0.000
00265,-0.005,-0.002,0.034,0.095,0.475,0.001,0.429,0.000,0.000
00266,-0.005,-0.001,-0.002,0.085,0.415,0.001,0.499,0.000,0.000
00267,-0.006,0.004,0.019,0.094,0.468,0.001,0.436,0.000,0.000
00268,-0.006,-0.010,-0.005,0.093,0.488,0.001,0.418,0.000,0.000
00269,-0.006,0.004,0.020,0.078,0.519,0.001,0.402,0.000,0.000
00270,-0.007,-0.016,-0.022,0.070,0.567,0.001,0.362,0.000,0.000
00271,-0.008,0.010,-0.069,0.049,0.633,0.000,0.318,0.000,0.000
00272,-0.008,-0.017,0.034,0.040,0.674,0.000,0.286,0.000,0.000
00273,-0.009,0.004,0.016,0.034,0.750,0.000,0.216,0.000,0.000
00274,-0.009,-0.012,0.033,0.032,0.760,0.000,0.208,0.000,0.000
00275,-0.009,0.009,0.046,0.032,0.727,0.000,0.241,0.000,0.000
00276,-0.010,-0.002,-0.016,0.030,0.742,0.000,0.228,0.000,0.000
00277,-0.010,0.003,0.007,0.030,0.715,0.000,0.254,0.000,0.000
00278,-0.010,-0.010,0.045,0.031,0.705,0.000,0.263,0.000,0.000
00279,-0.010,-0.017,-0.003,0.029,0.742,0.000,0.228,0.000,0.000
00280,-0.010,0.010,-0.008,0.028,0.781,0.000,0.190,0.000,0.000
00281,-0.011,-0.018,-0.067,0.028,0.806,0.000,0.165,0.000,0.000
00282,-0.011,0.011,-0.081,0.027,0.801,0.000,0.171,0.000,0.000
00283,-0.011,-0.019,0.069,0.030,0.836,0.000,0.134,0.000,0.000
00284,-0.011,-0.004,0.023,0.035,0.873,0.001,0.091,0.000,0.000
00285,-0.011,-0.005,-0.055,0.035,0.886,0.001,0.079,0.000,0.000
00286,-0.011,0.001,-0.025,0.035,0.902,0.001,0.061,0.000,0.000
00287,-0.010,0.012,0.038,0.036,0.906,0.001,0.057,0.000,0.000
00288,-0.010,-0.018,0.012,0.035,0.908,0.001,0.056,0.000,0.000
00289,-0.010,0.011,-0.042,0.042,0.878,0.001,0.079,0.000,0.000
00290,-0.011,-0.015,-0.028,0.045,0.859,0.001,0.094,0.000,0.000
00291,-0.010,0.011,-0.011,0.051,0.851,0.001,0.096,0.000,0.000
00292,-0.011,-0.019,0.034,0.058,0.821,0.001,0.119,0.000,0.000
00293,-0.010,0.004,-0.020,0.065,0.823,0.001,0.110,0.000,0.000
00294,-0.011,-0.013,-0.013,0.061,0.835,0.001,0.103,0.000,0.000
00295,-0.011,0.010,0.044,0.066,0.810,0.001,0.123,0.000,0.000
00296,-0.011,-0.001,0.041,0.061,0.832,0.001,0.105,0.000,0.000
00297,-0.010,-0.000,-0.019,0.068,0.791,0.001,0.140,0.000,0.000
00298,-0.010,-0.010,0.020,0.076,0.770,0.001,0.153,0.000,0.000
00299,-0.010,-0.010,-0.005,0.083,0.782,0.001,0.133,0.000,0.000
00300,-0.010,0.002,-0.031,0.096,0.770,0.002,0.131,0.000,0.000
00301,-0.009,-0.003,0.021,0.090,0.792,0.002,0.116,0.000,0.000
00302,-0.009,0.016,0.018,0.087,0.816,0.002,0.095,0.000,0.000
00303,-0.009,-0.019,0.036,0.086,0.808,0.002,0.103,0.000,0.000
00304,-0.009,0.011,-0.035,0.095,0.769,0.002,0.134,0.000,0.000
00305,-0.008,-0.011,0.104,0.096,0.763,0.001,0.139,0.000,0.000
00306,-0.008,0.012,0.035,0.088,0.796,0.001,0.115,0.000,0.000
00307,-0.007,0.002,-0.006,0.082,0.845,0.001,0.071,0.000,0.000
00308,-0.007,-0.003,-0.017,0.096,0.847,0.002,0.056,0.000,0.000
00309,-0.007,0.003,-0.014,0.091,0.859,0.002,0.048,0.000,0.000
00310,-0.007,-0.019,0.018,0.083,0.863,0.002,0.051,0.000,0.000
00311,-0.007,0.011,0.055,0.093,0.830,0.002,0.075,0.000,0.000
00312,-0.007,-0.012,0.032,0.102,0.788,0.002,0.108,0.000,0.000
00313,-0.006,0.008,-0.011,0.111,0.761,0.002,0.126,0.000,0.000
00314,-0.006,-0.016,-0.007,0.133,0.613,0.002,0.252,0.000,0.000
00315,-0.006,0.014,0.026,0.154,0.515,0.002,0.329,0.000,0.000
00316,-0.005,0.004,0.037,0.148,0.405,0.001,0.445,0.000,0.000
00317,-0.005,-0.000,-0.008,0.124,0.360,0.001,0.515,0.000,0.000
00318,-0.005,-0.007,0.024,0.157,0.445,0.002,0.396,0.000,0.000
00319,-0.005,-0.014,0.012,0.188,0.420,0.002,0.389,0.000,0.000
00320,-0.004,0.006,0.045,0.184,0.443,0.002,0.371,0.000,0.000
00321,-0.004,-0.009,0.010,0.161,0.416,0.002,0.421,0.000,0.000
00322,-0.004,0.015,0.049,0.140,0.556,0.002,0.303,0.000,0.000
00323,-0.004,-0.018,0.002,0.158,0.558,0.002,0.282,0.000,0.000
00324,-0.004,0.012,0.067,0.164,0.526,0.002,0.307,0.000,0.000
00325,-0.004,-0.012,0.071,0.141,0.496,0.001,0.361,0.000,0.000
00326,-0.003,0.010,-0.008,0.105,0.580,0.001,0.314,0.000,0.000
00327,-0.004,-0.014,-0.044,0.093,0.527,0.001,0.379,0.000,0.000
00328,-0.003,-0.008,0.000,0.092,0.541,0.001,0.366,0.000,0.000
00329,-0.004,-0.000,0.005,0.095,0.544,0.001,0.360,0.000,0.000
00330,-0.003,-0.017,0.010,0.097,0.584,0.002,0.316,0.000,0.000
00331,-0.003,0.013,0.021,0.112,0.714,0.003,0.171,0.000,0.000
00332,-0.003,-0.016,0.026,0.107,0.771,0.003,0.118,0.000,0.000
00333,-0.003,0.011,0.020,0.095,0.806,0.003,0.096,0.000,0.000
00334,-0.003,-0.010,0.015,0.099,0.819,0.003,0.078,0.000,0.000
00335,-0.004,-0.003,0.012,0.090,0.828,0.003,0.078,0.000,0.000
00336,-0.004,-0.005,-0.008,0.085,0.824,0.002,0.089,0.000,0.000
00337,-0.004,0.006,-0.014,0.066,0.817,0.001,0.116,0.000,0.000
00338,-0.004,0.011,-0.006,0.060,0.842,0.001,0.096,0.000,0.000
00339,-0.005,-0.011,-0.015,0.058,0.806,0.001,0.134,0.000,0.000
00340,-0.005,0.008,0.019,0.050,0.776,0.001,0.173,0.000,0.000
00341,-0.005,-0.008,0.000,0.048,0.704,0.000,0.247,0.000,0.000
00342,-0.005,0.013,-0.016,0.042,0.702,0.000,0.256,0.000,0.000
00343,-0.006,-0.017,0.049,0.035,0.686,0.000,0.278,0.000,0.000
00344,-0.006,0.012,0.035,0.033,0.700,0.000,0.267,0.000,0.000
00345,-0.006,-0.011,0.056,0.031,0.717,0.000,0.251,0.000,0.000
00346,-0.006,0.010,0.015,0.030,0.769,0.000,0.201,0.000,0.000
00347,-0.006,-0.018,0.013,0.028,0.808,0.000,0.164,0.000,0.000
00348,-0.006,-0.009,0.009,0.028,0.861,0.000,0.110,0.000,0.000
00349,-0.006,0.002,0.037,0.028,0.884,0.001,0.087,0.000,0.000
00350,-0.006,-0.019,0.019,0.028,0.888,0.001,0.083,0.000,0.000
00351,-0.006,0.011,0.055,0.023,0.901,0.000,0.075,0.000,0.000
00352,-0.006,-0.018,0.036,0.023,0.900,0.000,0.077,0.000,0.000
00353,-0.006,0.010,0.010,0.022,0.902,0.000,0.076,0.000,0.000
00354,-0.006,-0.019,-0.030,0.023,0.894,0.000,0.083,0.000,0.000
00355,-0.006,0.013,0.002,0.023,0.905,0.000,0.071,0.000,0.000
00356,-0.006,0.000,0.039,0.021,0.917,0.000,0.061,0.000,0.000
00357,-0.006,0.002,0.017,0.019,0.924,0.000,0.056,0.000,0.000
00358,-0.006,-0.011,0.007,0.023,0.916,0.000,0.060,0.000,0.000
00359,0.001,0.276,-0.011,0.027,0.899,0.000,0.073,0.000,0.000
00360,0.038,0.452,-0.007,0.031,0.887,0.000,0.082,0.000,0.000
00361,0.088,0.510,0.021,0.035,0.867,0.001,0.097,0.000,0.000
00362,0.143,0.487,-0.058,0.039,0.880,0.001,0.080,0.000,0.000
00363,0.192,0.483,-0.037,0.040,0.887,0.001,0.072,0.000,0.000
00364,0.241,0.477,-0.155,0.044,0.889,0.001,0.066,0.000,0.000
00365,0.296,0.556,-0.180,0.059,0.871,0.001,0.069,0.000,0.000
00366,0.370,0.919,-0.246,0.067,0.881,0.001,0.051,0.000,0.000
00367,0.492,1.465,-0.249,0.046,0.913,0.001,0.040,0.000,0.000
00368,0.688,2.018,-0.369,0.036,0.939,0.001,0.025,0.000,0.000
00369,0.911,2.383,-0.442,0.036,0.945,0.001,0.018,0.000,0.000
00370,1.187,2.572,-0.637,0.039,0.931,0.001,0.029,0.000,0.000
00371,1.447,2.601,-0.741,0.043,0.923,0.001,0.033,0.000,0.000
00372,1.701,2.493,-0.811,0.039,0.925,0.001,0.036,0.000,0.000
00373,1.971,2.433,-0.507,0.039,0.924,0.001,0.036,0.000,0.000
00374,2.212,2.377,-0.200,0.045,0.927,0.001,0.027,0.000,0.000
00375,2.443,2.249,-0.319,0.050,0.925,0.001,0.024,0.000,0.000
00376,2.687,2.212,-0.671,0.047,0.932,0.001,0.019,0.000,0.000
00377,2.904,2.110,-1.414,0.047,0.936,0.002,0.015,0.000,0.000
00378,3.112,2.068,-2.134,0.050,0.929,0.002,0.019,0.000,0.000
00379,3.344,2.161,-2.645,0.045,0.930,0.001,0.023,0.000,0.000
00380,3.564,2.224,-3.090,0.061,0.899,0.002,0.039,0.000,0.000
00381,3.792,2.296,-3.350,0.062,0.882,0.001,0.055,0.000,0.000
00382,4.039,2.215,-3.583,0.073,0.840,0.001,0.085,0.000,0.000
00383,4.283,2.260,-3.788,0.071,0.806,0.001,0.122,0.000,0.000
00384,4.509,2.242,-3.971,0.098,0.734,0.001,0.167,0.000,0.000
00385,4.724,2.089,-4.188,0.106,0.679,0.001,0.214,0.000,0.000
00386,4.922,1.947,-4.361,0.104,0.679,0.001,0.216,0.000,0.000
00387,5.110,1.855,-4.533,0.163,0.549,0.001,0.286,0.000,0.000
00388,5.301,1.629,-4.592,0.199,0.586,0.002,0.213,0.000,0.000
00389,5.468,1.664,-4.769,0.234,0.564,0.002,0.200,0.000,0.000
00390,5.657,1.760,-4.745,0.256,0.533,0.002,0.209,0.000,0.000
00391,5.840,1.900,-4.745,0.259,0.537,0.002,0.202,0.000,0.000
00392,6.034,1.984,-4.584,0.373,0.428,0.002,0.195,0.000,0.000
00393,6.242,1.793,-4.702,0.493,0.340,0.003,0.163,0.000,0.000
00394,6.418,1.723,-4.744,0.580,0.271,0.004,0.144,0.000,0.000
00395,6.598,1.852,-4.636,0.649,0.196,0.004,0.151,0.000,0.000
00396,6.795,1.833,-3.965,0.628,0.267,0.004,0.101,0.000,0.000
00397,6.986,1.923,-3.309,0.737,0.198,0.005,0.060,0.000,0.000
00398,7.183,1.955,-3.080,0.816,0.127,0.005,0.051,0.000,0.000
00399,7.393,1.865,-2.941,0.793,0.139,0.005,0.063,0.000,0.000
00400,7.575,1.832,-2.971,0.817,0.120,0.006,0.057,0.000,0.000
00401,7.751,1.793,-3.151,0.808,0.147,0.007,0.038,0.000,0.000
00402,7.949,1.814,-3.317,0.788,0.180,0.008,0.024,0.000,0.000
00403,8.131,1.805,-3.412,0.777,0.190,0.008,0.025,0.000,0.000
00404,8.309,1.768,-3.498,0.727,0.242,0.009,0.022,0.000,0.000
00405,8.508,1.798,-3.358,0.686,0.287,0.011,0.016,0.000,0.000
00406,8.691,1.889,-3.392,0.703,0.268,0.012,0.016,0.000,0.000
00407,8.880,1.902,-3.480,0.698,0.274,0.014,0.014,0.000,0.000
00408,9.076,1.710,-3.021,0.692,0.280,0.013,0.015,0.000,0.000
00409,9.243,1.625,-2.638,0.715,0.255,0.016,0.013,0.000,0.000
00410,9.427,1.688,-1.909,0.702,0.266,0.018,0.013,0.000,0.000
00411,9.600,1.721,-1.545,0.707,0.256,0.024,0.013,0.000,0.000
00412,9.777,1.531,-1.361,0.657,0.303,0.027,0.013,0.000,0.000
00413,9.934,1.542,-1.057,0.687,0.265,0.037,0.011,0.000,0.000
00414,10.081,1.354,-1.371,0.696,0.244,0.051,0.010,0.000,0.000
00415,10.196,1.057,-1.353,0.776,0.141,0.071,0.012,0.000,0.000
00416,10.301,1.081,-1.288,0.779,0.111,0.103,0.007,0.000,0.000
00417,10.412,1.227,-1.014,0.735,0.119,0.141,0.005,0.000,0.000
00418,10.529,1.236,-0.791,0.706,0.128,0.162,0.004,0.000,0.000
00419,10.658,1.185,-0.384,0.719,0.127,0.151,0.004,0.000,0.000
00420,10.772,1.163,-0.252,0.711,0.143,0.143,0.003,0.000,0.000
00421,10.882,1.026,0.022,0.702,0.132,0.163,0.003,0.000,0.000
00422,10.984,0.745,0.223,0.756,0.139,0.100,0.005,0.000,0.000
00423,11.039,0.444,0.493,0.759,0.174,0.061,0.006,0.000,0.000
00424,11.085,0.435,0.580,0.781,0.170,0.040,0.008,0.000,0.000
00425,11.124,0.206,0.720,0.781,0.177,0.029,0.012,0.000,0.000
00426,11.132,-0.079,0.700,0.744,0.212,0.032,0.012,0.000,0.000
00427,11.125,-0.111,0.821,0.694,0.254,0.038,0.014,0.000,0.000
00428,11.118,-0.164,0.806,0.722,0.214,0.053,0.011,0.000,0.000
00429,11.115,0.103,0.885,0.702,0.216,0.066,0.016,0.000,0.000
00430,11.122,0.174,0.995,0.624,0.288,0.062,0.026,0.000,0.000
00431,11.136,0.094,1.023,0.632,0.271,0.071,0.025,0.000,0.000
00432,11.134,-0.082,1.706,0.633,0.268,0.076,0.023,0.000,0.000
00433,11.115,-0.132,2.134,0.708,0.185,0.084,0.022,0.000,0.000
00434,11.092,-0.066,2.042,0.739,0.125,0.080,0.056,0.000,0.000
00435,11.086,-0.023,1.592,0.686,0.157,0.075,0.081,0.000,0.000
00436,11.080,-0.160,1.885,0.650,0.222,0.085,0.043,0.000,0.000
00437,11.068,-0.096,1.459,0.567,0.314,0.078,0.042,0.000,0.000
